bank_ticker,bank_name,cik,period,period_end,deposits_to_assets,loans_to_deposits,interest_expense_to_deposits_annualized,deposit_interest_expense_to_deposits_annualized,net_income_to_assets_annualized,noninterest_expense_to_assets_annualized,noninterest_income_to_assets_annualized,equity_to_assets,roa_annualized,roe_annualized,net_interest_margin_proxy,loan_yield_annualized,efficiency_ratio,tier_1_capital_ratio,data_type,period_sort
BAC,BANK OF AMERICA CORP /DE/,0000070858,2018Q2,2018-06-30,0.5715006959989877,0.7068644435977647,0.0138689202262213,0.0028800686574161384,0.011841146412877946,0.023081857335480238,0.018712990962922237,0.11529408684496459,0.011841146412877946,0.10270384836648802,0.020645206334245332,0.07072568467034071,0.5864561621357932,,real_public_sec_edgar_ratio,20182
BAC,BANK OF AMERICA CORP /DE/,0000070858,2018Q3,2018-09-30,0.5753506128911299,0.68373476292852,0.014577352638020761,0.003656228332945664,0.012257395034190129,0.02225725393818199,0.018236445269927352,0.11208923424631002,0.012257395034190129,0.10935390108255327,0.020627381262364606,0.07375549824088898,0.5726984685794755,,real_public_sec_edgar_ratio,20183
BAC,BANK OF AMERICA CORP /DE/,0000070858,2018Q4,2018-12-31,0.5867368413005355,0.6784728797315335,0.015438559917074202,0.004522698910440717,0.01236437181966331,0.022211019122049754,0.017282598862521963,0.11268813386411677,0.01236437181966331,0.10972203900876283,0.02124266353848173,0.07611699210706566,0.5765312872073025,,real_public_sec_edgar_ratio,20184
BAC,BANK OF AMERICA CORP /DE/,0000070858,2019Q1,2019-03-31,0.5802447790728784,0.6786144357760286,0.016805175239988486,0.005205399405656485,0.012302054044230857,0.022251725164944447,0.01788517746356583,0.11232291924326634,0.012302054044230857,0.10952398786562301,0.020823132101950054,0.07764642033763587,0.5748565466875326,,real_public_sec_edgar_ratio,20191
BAC,BANK OF AMERICA CORP /DE/,0000070858,2019Q2,2019-06-30,0.573937806879442,0.6939697896796798,0.017555176268077868,0.005715977028462802,0.012267664819616244,0.02215124888767941,0.018189467638775037,0.11328056523415914,0.012267664819616244,0.10829452337440311,0.020349832129328033,0.07638904171028627,0.5747704037428522,,real_public_sec_edgar_ratio,20192
BAC,BANK OF AMERICA CORP /DE/,0000070858,2019Q3,2019-09-30,0.5740505207453231,0.6917375771447608,0.016452762565011242,0.0053990563138804565,0.009523848775723006,0.025007315575375156,0.017507923489385204,0.11061438468798555,0.009523848775723006,0.08609955027628015,0.02009124892327095,0.07438060275439891,0.665102819309861,,real_public_sec_edgar_ratio,20193
BAC,BANK OF AMERICA CORP /DE/,0000070858,2019Q4,2019-12-31,0.5894644339809841,0.6788458067065652,0.013342598252164235,0.004315575030160935,0.011493464263074453,0.021756072830832526,0.016776776760327006,0.10879268914443616,0.011493464263074453,0.10564555719194894,0.01995005092275148,0.06951057997351157,0.5923754977851358,,real_public_sec_edgar_ratio,20194
BAC,BANK OF AMERICA CORP /DE/,0000070858,2020Q1,2020-03-31,0.6043331295129609,0.653699651050795,0.010024473813020069,0.0029911736377559884,0.006122244894376008,0.02057288028721115,0.016239979785904638,0.10111551576859747,0.006122244894376008,0.06054703719641549,0.018519409119396753,0.06221335067278958,0.591865419247156,,real_public_sec_edgar_ratio,20201
BAC,BANK OF AMERICA CORP /DE/,0000070858,2020Q2,2020-06-30,0.6268641800234016,0.5699507641391638,0.00393793791231106,0.0008681151544279109,0.005154488767503815,0.019564589406234408,0.016745887934732178,0.09688812147844686,0.005154488767503815,0.053200420122196834,0.01582674615054667,0.05120692559376452,0.6006449879064768,,real_public_sec_edgar_ratio,20202
BAC,BANK OF AMERICA CORP /DE/,0000070858,2020Q3,2020-09-30,0.6218403682080241,,0.0031875411068307807,0.0005332143192708823,0.007129575395150253,0.021035241808145623,0.014909153054353336,0.0981759037587659,0.007129575395150253,0.07262042030872233,0.014795220073238457,,0.7081530291109362,,real_public_sec_edgar_ratio,20203
BAC,BANK OF AMERICA CORP /DE/,0000070858,2020Q4,2020-12-31,0.6367792619378378,,0.002691202352574242,0.00035422282620803353,0.007759891645242438,0.019757223207183077,0.01396780496143639,0.09679436322605792,0.007759891645242438,0.08016883821137019,0.014545186295917865,,0.6929200457734216,,real_public_sec_edgar_ratio,20204
BAC,BANK OF AMERICA CORP /DE/,0000070858,2021Q1,2021-03-31,0.6346609687837543,,0.0025422586843705203,0.00028223739985081735,0.010841780045198776,0.02089567918028062,0.017002065998830973,0.0922561407572815,0.010841780045198776,0.11751824817518249,0.013733370325576635,,0.6798562727312563,,real_public_sec_edgar_ratio,20211
BAC,BANK OF AMERICA CORP /DE/,0000070858,2021Q2,2021-06-30,0.6301019111559678,,0.0024178400558994566,0.0002681832990945671,0.012177323695152372,0.019862080983691178,0.014829561694237488,0.09146161548885869,0.012177323695152372,0.1331413580447389,0.013509383496584369,,0.700875803596385,,real_public_sec_edgar_ratio,20212
BAC,BANK OF AMERICA CORP /DE/,0000070858,2021Q3,2021-09-30,0.6367974030334674,,0.0025284964810739392,0.00027076492108118674,0.009970681710196841,0.018720146131223817,0.015131685986401966,0.08830619625169263,0.009970681710196841,0.1129103294380175,0.01438236157754827,,0.6342791882631995,,real_public_sec_edgar_ratio,20213
BAC,BANK OF AMERICA CORP /DE/,0000070858,2021Q4,2021-12-31,0.6513485586820613,0.4682791412320787,0.002216575294292028,0.0002770719117865035,0.008850621313490004,0.0185909742719266,0.01344062697685278,0.08520789589508738,0.008850621313490004,0.10387090563047552,0.014399770310412226,0.051943806847156986,0.6677697189483227,,real_public_sec_edgar_ratio,20214
BAC,BANK OF AMERICA CORP /DE/,0000070858,2022Q1,2022-03-31,0.6399834106545472,,0.0025516198781225133,0.00031653983359462346,0.008729479100111388,0.01892272397546432,0.014398020148705015,0.08233435436657698,0.008729479100111388,0.10602474710914908,0.014294259536789158,,0.6595057688996039,,real_public_sec_edgar_ratio,20221
BAC,BANK OF AMERICA CORP /DE/,0000070858,2022Q2,2022-06-30,0.6377250204556747,,0.005101925114987333,0.0006450478217289398,0.008030579707070882,0.019633591142323287,0.013168762369014587,0.0864884564433929,0.008030579707070882,0.09285146292704316,0.015996883924250048,,0.6731752468265162,,real_public_sec_edgar_ratio,20222
BAC,BANK OF AMERICA CORP /DE/,0000070858,2022Q3,2022-09-30,0.6306952953722365,,0.01208608237874575,0.0025488920317197745,0.009218494392852739,0.01991960176416626,0.01397613305507764,0.08770846804360496,0.009218494392852739,0.10510381264748223,0.01791761865541061,,0.6245612603052813,,real_public_sec_edgar_ratio,20223
BAC,BANK OF AMERICA CORP /DE/,0000070858,2022Q4,2022-12-31,0.6326134939166769,0.5351722830318582,0.02153816346438272,0.0062144460486515075,0.009349227807136127,0.020375076809635,0.012913522592273975,0.08953242390725492,0.009349227807136127,0.10442281577030495,0.019245094424644626,0.09708972813908127,0.6335806293820316,,real_public_sec_edgar_ratio,20224
BAC,BANK OF AMERICA CORP /DE/,0000070858,2023Q1,2023-03-31,0.5979990966166321,0.541190806961048,0.02974661877447783,0.009032653860286998,0.010218311386793638,0.02033144716318528,0.014787189986280216,0.08770769444106206,0.010218311386793638,0.11650416137275336,0.018090204989142808,0.11086264329349681,0.6184020108157514,,real_public_sec_edgar_ratio,20231
BAC,BANK OF AMERICA CORP /DE/,0000070858,2023Q2,2023-06-30,0.6010534714737906,0.5530945142496121,0.038772454212610316,0.012326810706746025,0.009487710993667388,0.020540484464961876,0.014138072578171478,0.09071438954558757,0.009487710993667388,0.10458882037561901,0.018132696037843263,0.1246453248371817,0.6365043457554471,,real_public_sec_edgar_ratio,20232
BAC,BANK OF AMERICA CORP /DE/,0000070858,2023Q3,2023-09-30,0.5976997167857562,0.5496452564760392,0.040846842382021444,0.015578894418500255,0.00989759252035305,0.020092036700506487,0.01368562267489986,0.09104212058647232,0.00989759252035305,0.10871443301842099,0.01824115391568271,0.12983968907055188,0.6293161679977749,,real_public_sec_edgar_ratio,20233
BAC,BANK OF AMERICA CORP /DE/,0000070858,2023Q4,2023-12-31,0.6049483184917949,0.5407918695392049,0.045083055804913855,0.018138845124847505,0.0036903908021977574,0.02230208565568113,0.015346441096664908,0.09125635858171514,0.0036903908021977574,0.040439820956620916,0.017541305428578707,0.13698324666711523,0.6781275098481662,,real_public_sec_edgar_ratio,20234
BAC,BANK OF AMERICA CORP /DE/,0000070858,2024Q1,2024-03-31,0.594567235719437,0.5322091594331558,0.04572935161438811,0.018778358650621423,0.008154430795011184,0.021060521967876503,0.014400377786934645,0.08966697140909212,0.008154430795011184,0.09094129830489998,0.017144586891758608,0.1401042335340844,0.6676349833449531,,real_public_sec_edgar_ratio,20241
BAC,BANK OF AMERICA CORP /DE/,0000070858,2024Q2,2024-06-30,0.5864006585643444,0.5462192703341706,0.04847340291056069,0.020214698734513797,0.00846778203533706,0.020023351778209672,0.014333964805358876,0.09020637226073942,0.00846778203533706,0.09387121799844841,0.0168226112002593,0.1412643608768939,0.6426685581432006,,real_public_sec_edgar_ratio,20242
BAC,BANK OF AMERICA CORP /DE/,0000070858,2024Q3,2024-09-30,0.5806804634850177,0.5504431316153737,0.04874551377158155,0.020980629439604798,0.008297704203570504,0.019828577083909272,0.013690730630543095,0.08919550713490057,0.008297704203570504,0.09302827541549752,0.016805979496993795,0.1411360793713984,0.6501874136910634,,real_public_sec_edgar_ratio,20243
BAC,BANK OF AMERICA CORP /DE/,0000070858,2024Q4,2024-12-31,0.6026638465225053,0.5508080267946498,0.043995650906374924,0.019382670886868108,0.007979642467617964,0.020589341854273406,0.018344837440541332,0.09013678291993467,0.007979642467617964,0.08852814810027113,0.01761138736436003,0.13292874990185619,0.5726224587256106,,real_public_sec_edgar_ratio,20244
BAC,BANK OF AMERICA CORP /DE/,0000070858,2025Q1,2025-03-31,0.5940701198164607,0.5515625534036603,0.03945185980445967,0.017354556073592004,0.008790581417535,0.021223998884456106,0.01648711764777896,0.08777114867877024,0.008790581417535,0.10015342797560121,0.01725032165943723,0.12417336374546757,0.6290933550465536,,real_public_sec_edgar_ratio,20251
BAC,BANK OF AMERICA CORP /DE/,0000070858,2025Q2,2025-06-30,0.5845771549096201,0.5636098991207553,0.04017273700259444,0.017261769535193896,0.008271672601711874,0.019973601786848667,0.01370823988083026,0.08706382939152177,0.008271672601711874,0.09500699268021588,0.017052478508588136,0.12303431487124757,0.6493216944412954,,real_public_sec_edgar_ratio,20252
BAC,BANK OF AMERICA CORP /DE/,0000070858,2025Q3,2025-09-30,0.5882417922059302,0.5756884399622817,0.040221595358723966,0.01784429989291822,0.009952651748853313,0.020374202783075907,0.015107018329378831,0.08935880666894652,0.009952651748853313,0.11137852126568294,0.017901611062732612,0.12272957572476594,0.6172386784391911,,real_public_sec_edgar_ratio,20253
BAC,BANK OF AMERICA CORP /DE/,0000070858,2025Q4,2025-12-31,0.5917010626255592,0.5808095093496948,0.036678523962354534,0.01638258528014409,0.008868207347691998,0.020443539333911336,0.017057581795554055,0.08888226469910644,0.008868207347691998,0.09977476809027744,0.018465661782938785,0.11688217539149354,0.575497541172976,,real_public_sec_edgar_ratio,20254
BAC,BANK OF AMERICA CORP /DE/,0000070858,2026Q1,2026-03-31,0.5828245407996028,0.5849284204502904,0.03457686575258028,0.014332104965345104,0.009820987784974826,0.02120138917094228,0.016620397198547215,0.08599885704021468,0.009820987784974826,0.1141990501150771,0.018013915735604454,0.11195356606792423,0.6121498414376322,,real_public_sec_edgar_ratio,20261
C,CITIGROUP INC,0000831001,2018Q2,2018-06-30,0.5212112528459987,0.6612161768984579,0.02361722833666088,0.009005447814352934,0.009391664845157802,0.022406127799850864,0.014231823520368303,0.10509042876401298,0.009391664845157802,0.0893674614864058,0.024399503434023556,0.1065163097409317,0.579998917104337,,real_public_sec_edgar_ratio,20182
C,CITIGROUP INC,0000831001,2018Q3,2018-09-30,0.5221245971124553,0.6591611817233997,0.02534083583372464,0.010266858739166076,0.00960333270135287,0.021423618235320088,0.013686099633018468,0.10277716455472648,0.00960333270135287,0.0934383891884789,0.02452153451782055,0.10969357338738524,0.5607156452226875,,real_public_sec_edgar_ratio,20183
C,CITIGROUP INC,0000831001,2018Q4,2018-12-31,0.52841294618759,0.6631473494082928,0.02705567673736885,0.011034673351954755,0.008997680692902774,0.020638547436792755,0.010850205723113222,0.10278280343572463,0.008997680692902774,0.08754072074449191,0.024873486413512585,0.11178169943784688,0.5777271665498716,,real_public_sec_edgar_ratio,20184
C,CITIGROUP INC,0000831001,2019Q1,2019-03-31,0.5261173205038978,0.6502778168689433,0.028405743651459935,0.0117512896040685,0.009620034180737157,0.021617503560280697,0.013923518685793038,0.10059931178969911,0.009620034180737157,0.09562723650483465,0.024017405930209818,0.11388367757833011,0.5697674418604651,,real_public_sec_edgar_ratio,20191
C,CITIGROUP INC,0000831001,2019Q2,2019-06-30,0.5258994701809553,0.6467095189684078,0.029693756832155867,0.01256303754661168,0.00965483803149139,0.021124359102033672,0.013696632073013833,0.09964159004056883,0.00965483803149139,0.09689566402503659,0.024041532501838322,0.11660386510579647,0.5597611685680777,,real_public_sec_edgar_ratio,20192
C,CITIGROUP INC,0000831001,2019Q3,2019-09-30,0.5398887831161573,0.6244092265913075,0.027711766009143487,0.012388659724629034,0.009753812037113323,0.02077424977739748,0.0137641316615727,0.09781110004854075,0.009753812037113323,0.09972091135129649,0.02311095581600574,0.11293658984736747,0.5633681490255196,,real_public_sec_edgar_ratio,20193
C,CITIGROUP INC,0000831001,2019Q4,2019-12-31,0.5486946725995537,0.6414220196340336,,,0.010207271784242999,0.02143137562411655,,0.09903964722487876,0.010207271784242999,0.10306248124113805,,,,,real_public_sec_edgar_ratio,20194
C,CITIGROUP INC,0000831001,2020Q1,2020-03-31,0.533798997193403,,0.01906303511402966,0.008824291444673903,,,0.016648571698869703,0.08709280691242786,,,0.020708451776535408,,,,real_public_sec_edgar_ratio,20201
C,CITIGROUP INC,0000831001,2020Q2,2020-06-30,0.5525380534461407,,0.011377527033380347,0.00476306275635102,,,0.015561323321606205,0.08616684171513157,,,0.019850271978286524,,,,real_public_sec_edgar_ratio,20202
C,CITIGROUP INC,0000831001,2020Q3,2020-09-30,0.5650687705614648,,0.008936951093081624,0.004096234584670167,,,0.012189080220312837,0.08708819450256192,,,0.018783965156666558,,,,real_public_sec_edgar_ratio,20203
C,CITIGROUP INC,0000831001,2020Q4,2020-12-31,,,,,,,0.010647787610619469,0.08858407079646018,,,0.020683185840707965,,,,real_public_sec_edgar_ratio,20204
C,CITIGROUP INC,0000831001,2021Q1,2021-03-31,0.5678633784373636,,0.006235323507369473,0.002189127385230308,,,0.01599476211261458,0.0887267568747272,,,0.01834308162374509,,,,real_public_sec_edgar_ratio,20211
C,CITIGROUP INC,0000831001,2021Q2,2021-06-30,0.5719253601047577,,0.006059768858740987,0.0020636794702815655,0.010812745525971192,0.020027935399388914,0.012701876909646442,0.0885683107813182,0.010812745525971192,0.12208368242077769,0.018294194674814492,,0.6461443136371318,,real_public_sec_edgar_ratio,20212
C,CITIGROUP INC,0000831001,2021Q3,2021-09-30,0.5705329153605015,,0.005815092524979072,0.0021669308541269645,0.007864934484282833,0.01994516223544335,0.011441752234240918,0.08536011204652573,0.007864934484282833,0.0921382867913298,0.018105946290152403,,0.6750157620221241,,real_public_sec_edgar_ratio,20213
C,CITIGROUP INC,0000831001,2021Q4,2021-12-31,0.5749585333915321,,0.006100680974469151,0.0023625334983260328,,,0.010821475338280227,0.08846442601484068,,,0.018889567874290702,,,,real_public_sec_edgar_ratio,20214
C,CITIGROUP INC,0000831001,2022Q1,2022-03-31,0.5570812474807914,,0.006838063118621651,0.0026122600773330956,0.0071943377587866866,0.021995693589044758,0.013892456680053716,0.08285058508294331,0.0071943377587866866,0.08683508694095879,0.01816294606961683,,0.6861774210361722,,real_public_sec_edgar_ratio,20221
C,CITIGROUP INC,0000831001,2022Q2,2022-06-30,0.5551874414088094,,0.011093559925195635,0.004297014482754447,0.007639115226821409,0.020820663075873703,0.012892581977265779,0.08384462372275404,0.007639115226821409,0.09111037640387525,0.02009992843054571,,0.6310724106324473,,real_public_sec_edgar_ratio,20222
C,CITIGROUP INC,0000831001,2022Q3,2022-09-30,0.5486983970191477,,0.022521481286443178,0.010011588336958834,0.00584444601237094,0.02141731595622797,0.009987131803261063,0.08362521964970282,0.00584444601237094,0.06988855798349713,0.021104850604603657,,0.688837259563432,,real_public_sec_edgar_ratio,20223
C,CITIGROUP INC,0000831001,2022Q4,2022-12-31,0.5651443938767067,0.4687178338362785,0.03642289564655911,0.01756428108120771,0.004158874637980968,0.021489449731071576,0.007837815473727762,0.08350765411667356,0.004158874637980968,0.04980231670944024,0.021961108812577575,0.1606130134151351,0.7211485060535378,,real_public_sec_edgar_ratio,20224
C,CITIGROUP INC,0000831001,2023Q1,2023-03-31,0.541913549396708,0.4771481120425357,0.04824500416773459,0.02317395725835971,0.007504338904156346,0.021651141922999065,0.013195319319314426,0.0851362035067225,0.007504338904156346,0.0881450968572235,0.021747267844697982,0.18521610646066797,0.6196204597379587,,real_public_sec_edgar_ratio,20231
C,CITIGROUP INC,0000831001,2023Q2,2023-06-30,0.5445726015245443,0.48725818586266645,0.056814815432160964,0.026448119393848016,0.00481087604567444,0.02239574200336266,0.009136538521047583,0.08640679959152939,0.00481087604567444,0.05567705398668717,0.022940369480231468,0.20305512535841125,0.6981889277629142,,real_public_sec_edgar_ratio,20232
C,CITIGROUP INC,0000831001,2023Q3,2023-09-30,0.5376898319046375,0.5093961080670213,0.06598791053987967,0.03024720731586659,0.0059886585345772835,0.022818038764995396,0.010658326004432384,0.0887469036009216,0.0059886585345772835,0.06748019695996575,0.023353403896259072,0.21480486928855175,0.6708873330354039,,real_public_sec_edgar_ratio,20233
C,CITIGROUP INC,0000831001,2023Q4,2023-12-31,0.542570895522388,0.5128958088334743,0.06893964228104481,0.031283406727842765,-0.0030497512437810946,0.025870646766169153,0.005339966832504146,0.08551036484245439,-0.0030497512437810946,-0.03566528162287698,0.02292537313432836,0.21679427070530097,0.9152781037315184,,real_public_sec_edgar_ratio,20234
C,CITIGROUP INC,0000831001,2024Q1,2024-03-31,0.5373720971342358,0.5020659244485959,0.06951237144870226,0.03185830688292126,0.005543245454283847,0.0231974380372537,0.012347739577637913,0.08526090334674884,0.005543245454283847,0.0650150917559475,0.022210802833287427,0.22077704401461568,0.6712504758279406,,real_public_sec_edgar_ratio,20241
C,CITIGROUP INC,0000831001,2024Q2,2024-06-30,0.5312983489948397,0.5238139573457306,0.07039620948302099,0.032030995112417526,0.005348994008361856,0.022024486986248412,0.010872574392501765,0.08693736422791669,0.005348994008361856,0.06152698619133229,0.022435180651173926,0.2150062882184775,0.6612420127795527,,real_public_sec_edgar_ratio,20242
C,CITIGROUP INC,0000831001,2024Q3,2024-09-30,0.5389471925972461,0.5118828334983462,0.07051608436342317,0.03150842099879465,0.0053285873031349885,0.021630312388019237,0.011267707617222133,0.08635586257741201,0.0053285873031349885,0.06170498613638746,0.02198906224351134,0.21746405275543346,0.6504032856648028,,real_public_sec_edgar_ratio,20243
C,CITIGROUP INC,0000831001,2024Q4,2024-12-31,0.5458937629226353,0.5262250692509992,0.06637507804848426,0.02915159545894066,0.004855192110312821,0.022218963894183673,0.00974438416537573,0.08898040540684121,0.004855192110312821,0.05456473352884422,0.023346062062649147,0.20740508407874375,0.6714615977395325,,real_public_sec_edgar_ratio,20244
C,CITIGROUP INC,0000831001,2025Q1,2025-03-31,0.5119202150950762,0.5190859990428514,0.05971999604986288,0.025639428445545082,0.006321567761248821,0.020882639565641098,0.011796941412724178,0.08293091151749514,0.006321567761248821,0.0762269176302882,0.021795720342179744,0.19707022961087614,0.6216428968327468,,real_public_sec_edgar_ratio,20251
C,CITIGROUP INC,0000831001,2025Q2,2025-06-30,0.5176709984703207,0.5201479230452526,0.060936870503994524,0.02558676853254653,0.006129392871359005,0.02070633665450142,0.009902500102944519,0.08164262848619705,0.006129392871359005,0.07507588847896138,0.023143452804894975,0.203103273474913,0.6265922097101717,,real_public_sec_edgar_ratio,20252
C,CITIGROUP INC,0000831001,2025Q3,2025-09-30,0.5237245385481414,0.5164275045901922,0.06286449666131716,0.026484017604949388,0.00567952393116302,0.021631235867889006,0.010823186595899677,0.08093813564934389,0.00567952393116302,0.0701711731509232,0.022615161922061703,0.2053451872746429,0.6468990493435944,,real_public_sec_edgar_ratio,20253
C,CITIGROUP INC,0000831001,2025Q4,2025-12-31,0.5282146408139088,0.5222264891102921,0.059801663326382024,0.02473686797907911,0.0037197021528660597,0.0208339448788613,0.006331471976914063,0.08046885408034467,0.0037197021528660597,0.046225365023243634,0.023581195558335422,0.19999918142712722,0.6964923758240652,,real_public_sec_edgar_ratio,20254
COF,CAPITAL ONE FINANCIAL CORP,0000927628,2018Q2,2018-06-30,0.6819574217902189,0.9215671265988519,0.016839560882264074,0.010023164467720818,0.020945687919140414,0.037627510721477846,0.018033512001736317,0.137163485709733,0.020945687919140414,0.1527060048872331,0.06100184346230243,0.115336865481124,0.4760845383759733,,real_public_sec_edgar_ratio,20182
COF,CAPITAL ONE FINANCIAL CORP,0000927628,2018Q3,2018-09-30,0.6811487177226246,0.9366775217945347,0.017945346790994965,0.011019640364894112,0.01655511436751362,0.04158618276206983,0.012961927094671116,0.13953360208757568,0.01655511436751362,0.11864607606935502,0.06377356306952983,0.11911445871591331,0.5419419706980753,,real_public_sec_edgar_ratio,20183
COF,CAPITAL ONE FINANCIAL CORP,0000927628,2018Q4,2018-12-31,0.6704389887742995,0.9556181034896942,0.01966656523758428,0.012107429413366217,0.013539558380621574,0.04436594387686625,0.01280943152107973,0.1386918918338532,0.013539558380621574,0.09762328714097701,0.06249026944902265,0.11811680122675225,0.5891915014972194,0.127,real_public_sec_edgar_ratio,20184
COF,CAPITAL ONE FINANCIAL CORP,0000927628,2019Q1,2019-03-31,0.6835829374234641,0.9131854476748972,0.020399283437929967,0.012810310967554792,0.015134341396228742,0.039347143955775994,0.01384813674499117,0.143307314485076,0.015134341396228742,0.10560759896037845,0.0620700927943064,0.12177197802197802,0.518283213327686,,real_public_sec_edgar_ratio,20191
COF,CAPITAL ONE FINANCIAL CORP,0000927628,2019Q2,2019-06-30,0.6812688862183133,0.9323943661971831,0.02090085842811401,0.013671990099593375,0.01739740216637805,0.0404583278687647,0.014752997037088584,0.149261681017293,0.01739740216637805,0.11655638639338677,0.061517214060312776,0.11926160950924253,0.5304604154969118,,real_public_sec_edgar_ratio,20192
COF,CAPITAL ONE FINANCIAL CORP,0000927628,2019Q3,2019-09-30,0.6788310762651462,0.9423289311991538,0.020812917074991832,0.014015275250050554,0.014075657981573876,0.04088593226155592,0.012903566431720387,0.15373142208495025,0.014075657981573876,0.09156005838413325,0.060579182175760936,0.11678868264016705,0.5564017818652105,,real_public_sec_edgar_ratio,20193
COF,CAPITAL ONE FINANCIAL CORP,0000927628,2019Q4,2019-12-31,0.6729522370089531,0.9844078919820173,0.018332908255518716,0.012668587764610939,0.012050260653490963,0.0426370191999795,0.013945922405953402,0.14860707286770075,0.012050260653490963,0.08108806950405957,0.062157211840200836,0.11245122795348819,0.5602531304699071,0.137,real_public_sec_edgar_ratio,20194
COF,CAPITAL ONE FINANCIAL CORP,0000927628,2020Q1,2020-03-31,0.679526202006662,0.9229779486742137,0.016077778478173006,0.010842118143491206,-0.013505409722887133,0.03758333795272099,0.01233628470209989,0.14319261838650668,-0.013505409722887133,-0.09431638219250396,0.060723950433130586,0.11423888284046489,0.5144157814871017,,real_public_sec_edgar_ratio,20201
COF,CAPITAL ONE FINANCIAL CORP,0000927628,2020Q2,2020-06-30,0.7221478485435419,0.7713697828673605,0.011280642128859642,0.008033184546309139,-0.008715962173863508,0.035794310888306556,0.010405985340473206,0.13302998366943908,-0.008715962173863508,-0.06551877955214559,0.05184003645892674,0.10768706323504347,0.575045759609518,,real_public_sec_edgar_ratio,20202
COF,CAPITAL ONE FINANCIAL CORP,0000927628,2020Q3,2020-09-30,0.7246677396339744,,0.00863521138277864,0.006227819118488838,0.02281201186110841,0.033639658388700186,0.017312856882121346,0.13848389245359496,0.02281201186110841,0.16472682459263316,0.052668630876333014,,0.4806936729440455,,real_public_sec_edgar_ratio,20203
COF,CAPITAL ONE FINANCIAL CORP,0000927628,2020Q4,2020-12-31,0.7244794853914355,0.8238028823802882,0.0067836119459668285,0.004544234257240327,0.024345235553911035,0.038035872695101065,0.013889877182745812,0.14279818406933553,0.024345235553911035,0.1704870108298452,0.05572079828843317,0.10159603217499126,0.5464086138748807,0.153,real_public_sec_edgar_ratio,20204
COF,CAPITAL ONE FINANCIAL CORP,0000927628,2021Q1,2021-03-31,0.7298829893573234,,0.005658529040241293,0.0034672991157742774,0.0312812371376492,0.03518551184806256,0.01214558711118951,0.14391250661492327,0.0312812371376492,0.21736288161077336,0.05477274063620862,,0.5257978349500914,,real_public_sec_edgar_ratio,20211
COF,CAPITAL ONE FINANCIAL CORP,0000927628,2021Q2,2021-06-30,0.7234141041991403,,0.005171265523590634,0.0030949240633610614,0.03340418497000614,0.03746634547258042,0.015407869255113126,0.1526238722781163,0.03340418497000614,0.21886605595444417,0.054253459921590856,,0.5378356387306753,,real_public_sec_edgar_ratio,20212
COF,CAPITAL ONE FINANCIAL CORP,0000927628,2021Q3,2021-09-30,0.7192161306323567,0.8543887977302591,0.004994476004942178,0.0029809961495466403,0.029188225973665712,0.03936273000185717,0.01574133063141637,0.1493827828020791,0.029188225973665712,0.19539216920558983,0.057887473934886,0.10004973411377635,0.5346104725415071,,real_public_sec_edgar_ratio,20213
COF,CAPITAL ONE FINANCIAL CORP,0000927628,2021Q4,2021-12-31,0.7192267930366968,0.8918258408900894,0.004900636696893691,0.002855489098977426,0.022433918234149974,0.04327664721622828,0.015430835304974085,0.1411463500940143,0.022433918234149974,0.15894083140801915,0.05966959695268756,0.0985216701521598,0.576250307957625,0.145,real_public_sec_edgar_ratio,20214
COF,CAPITAL ONE FINANCIAL CORP,0000927628,2022Q1,2022-03-31,0.7218622968942526,0.8948310462656615,0.004938917585800931,0.0027821292860584056,0.022137518856734876,0.04192586280357904,0.01636131231359182,0.12976888264489458,0.022137518856734876,0.17059188925370486,0.05893204666106243,0.09675326064478404,0.5568334760797748,,real_public_sec_edgar_ratio,20221
COF,CAPITAL ONE FINANCIAL CORP,0000927628,2022Q2,2022-06-30,0.6992809252125881,0.9626451434788963,0.0075092973025642695,0.0038066161066632022,0.018451558979577003,0.041636383458100154,0.015580710807471473,0.12130696271531362,0.018451558979577003,0.15210634712600637,0.0592067010683916,0.0957541567695962,0.5567298347910593,,real_public_sec_edgar_ratio,20222
COF,CAPITAL ONE FINANCIAL CORP,0000927628,2022Q3,2022-09-30,0.7140255542149148,0.9582273253192851,0.015094910669529277,0.0086887163335887,0.015253291073132957,0.04456230077977273,0.016225755911325614,0.11449197716508491,0.015253291073132957,0.13322585084839073,0.06305714131354788,0.10791497089914885,0.5620670073821692,,real_public_sec_edgar_ratio,20223
COF,CAPITAL ONE FINANCIAL CORP,0000927628,2022Q4,2022-12-31,0.7314502612855822,0.9379534643474918,0.023556121468383626,0.016036421295406496,0.01082484530443779,0.044634914079986994,0.016193335954609457,0.1155016265823758,0.01082484530443779,0.09372028450800654,0.06323572374678472,0.11728582817587752,0.5619469026548672,0.139,real_public_sec_edgar_ratio,20224
COF,CAPITAL ONE FINANCIAL CORP,0000927628,2023Q1,2023-03-31,0.7416931688080397,0.8828249391842253,0.029363085182104297,0.021221918262455442,0.008141457829792647,0.0419369885086715,0.014561336555993724,0.11587372259678581,0.008141457829792647,0.07026146780597588,0.06094220413009371,0.12633242238599127,0.5554307536785353,,real_public_sec_edgar_ratio,20231
COF,CAPITAL ONE FINANCIAL CORP,0000927628,2023Q2,2023-06-30,0.7347263787943565,0.9057854846452627,0.03553046944327257,0.026499469021399165,0.012235998289867465,0.04099187687045746,0.016237708422402738,0.1166289012398461,0.012235998289867465,0.10491394636998479,0.060820863616930315,0.13061675494582797,0.5319573901464714,,real_public_sec_edgar_ratio,20232
COF,CAPITAL ONE FINANCIAL CORP,0000927628,2023Q3,2023-09-30,0.7339527188265614,0.9097398637615567,0.039883125102959154,0.03018401149096416,0.015187671683264925,0.041235801329981864,0.016485835799208797,0.11383965976221537,0.015187671683264925,0.13341283446374003,0.06298217145523773,0.13816633839506956,0.5188981422165279,,real_public_sec_edgar_ratio,20233
COF,CAPITAL ONE FINANCIAL CORP,0000927628,2023Q4,2023-12-31,0.7281906266720172,0.9198049441323946,0.04162875667670265,0.03151432351835322,0.005902220438737293,0.04779460941680043,0.01661149010165864,0.12140725321027288,0.005902220438737293,0.048615056206854995,0.0628594836811129,0.13910731670785592,0.6014096360193562,0.142,real_public_sec_edgar_ratio,20234
COF,CAPITAL ONE FINANCIAL CORP,0000927628,2024Q1,2024-03-31,0.7285746906916881,0.8979539503488912,0.04204359929224519,0.032048414532337616,0.01062858091837582,0.04265548451382546,0.015893049904508842,0.11998879016856265,0.01062858091837582,0.08857978235670663,0.06217719837249855,0.141860804559041,0.5463731121038077,,real_public_sec_edgar_ratio,20241
COF,CAPITAL ONE FINANCIAL CORP,0000927628,2024Q2,2024-06-30,0.73214337795666,0.9053727215301529,0.042499189055377556,0.032710945191525204,0.0049748134444958314,0.04121512109962543,0.016332720856301223,0.12078922040423484,0.0049748134444958314,0.0411859057277384,0.0628809752967597,0.14180385057796382,0.5203029665474437,,real_public_sec_edgar_ratio,20242
COF,CAPITAL ONE FINANCIAL CORP,0000927628,2024Q3,2024-09-30,0.7269880949688857,0.9055852003924996,0.04280167745474803,0.03331155922416304,0.01461249545158326,0.04369769320749209,0.01593641878737668,0.12936005575279638,0.01461249545158326,0.11295987286452125,0.0664099680737121,0.1481375080798019,0.5306570800878769,,real_public_sec_edgar_ratio,20243
COF,CAPITAL ONE FINANCIAL CORP,0000927628,2024Q4,2024-12-31,0.7400008976953711,0.9036908579101037,0.03991100254475376,0.03156266628435624,0.008944310243520272,0.04969151922700268,0.017072533785989424,0.12401253509172815,0.008944310243520272,0.0721242432219005,0.06608670105111968,0.14298833040957976,0.5975466143277723,0.148,real_public_sec_edgar_ratio,20244
COF,CAPITAL ONE FINANCIAL CORP,0000927628,2025Q1,2025-03-31,0.7444510174147697,0.8806250408203252,0.037064855332767294,0.02955391548559859,0.011377541511008825,0.04782781338887043,0.016101976483172745,0.12873072341391076,0.011377541511008825,0.08838248717383777,0.06493464396560805,0.14113807872730982,0.5902,,real_public_sec_edgar_ratio,20251
COF,CAPITAL ONE FINANCIAL CORP,0000927628,2025Q2,2025-06-30,0.7103683335154363,0.9384482279806029,0.032752985409412315,0.026660400333255004,-0.02596180694661956,0.04243605152298746,0.015157033421956756,0.16837843415765258,-0.02596180694661956,-0.15418724539457082,0.06067062437022738,0.12591026116727408,0.5596381684277938,,real_public_sec_edgar_ratio,20252
COF,CAPITAL ONE FINANCIAL CORP,0000927628,2025Q3,2025-09-30,0.7082660373453074,0.9453352816323047,0.037194022846294146,0.03069210832257858,0.019290593267329126,0.04993677072930469,0.017858302977743597,0.1719549100512633,0.019290593267329126,0.11218402115751276,0.07496256857391932,0.15130461076047197,0.5379907546064197,,real_public_sec_edgar_ratio,20253
COF,CAPITAL ONE FINANCIAL CORP,0000927628,2025Q4,2025-12-31,0.7111578469048996,0.9534460906612635,0.03548766108064594,0.029367069451479808,0.012759170653907496,0.0558557508194957,0.018636520584924866,0.1698273117402008,0.012759170653907496,0.0751302633431911,0.07453412435408194,0.14714453884511774,0.5994994545337868,0.153,real_public_sec_edgar_ratio,20254
COF,CAPITAL ONE FINANCIAL CORP,0000927628,2026Q1,2026-03-31,0.7161362122110689,0.9155531200094877,0.03341969070836903,0.027702518949888868,0.01273383559938791,0.049576441818408125,0.018075720634641714,0.16438743309830797,0.01273383559938791,0.07746234222036148,0.07113727385214634,0.14499926298815868,0.5557087518875976,,real_public_sec_edgar_ratio,20261
JPM,JPMORGAN CHASE & CO,0000019617,2018Q2,2018-06-30,0.5606540414277716,0.6476315350914041,0.013996069200797177,0.003691149917155721,0.01284299530897087,0.024665160904229648,0.02203509584757051,0.09940271423331595,0.01284299530897087,0.12920165619246635,0.02082585278276481,0.07896729190591638,0.57546931863222,,real_public_sec_edgar_ratio,20182
JPM,JPMORGAN CHASE & CO,0000019617,2018Q3,2018-09-30,0.5578049413750396,0.6496268753915991,0.015166284836045908,0.004444864892285376,0.01281745866350462,0.023895842088297453,0.020422280199894234,0.09902022152943026,0.01281745866350462,0.12944283971022105,0.02127269869833201,0.0820513036972472,0.5731107850330154,,real_public_sec_edgar_ratio,20183
JPM,JPMORGAN CHASE & CO,0000019617,2018Q4,2018-12-31,0.5607809551990214,0.65916734323089,0.016444250428037367,0.005309159251658772,0.010777370876694736,0.02360161858844811,0.017554027939411226,0.0978119618750124,0.010777370876694736,0.11018458959515039,0.021893345819993807,0.0841744763594539,0.5983064609674051,,real_public_sec_edgar_ratio,20184
JPM,JPMORGAN CHASE & CO,0000019617,2019Q1,2019-03-31,0.5456114084966031,0.6319908185191112,0.018577232043314733,0.005860291769142537,0.013413766244773834,0.023958895041188255,0.0214380597898281,0.0949284448127056,0.013413766244773834,0.14130397133587597,0.02112094602197584,0.09064662374277023,0.5629571129347938,,real_public_sec_edgar_ratio,20191
JPM,JPMORGAN CHASE & CO,0000019617,2019Q2,2019-06-30,0.558910587784096,0.6217214951051621,0.01890628269812728,0.006331833469893287,0.014155715065636275,0.023841204321071622,0.021044379970660478,0.09650840605577736,0.014155715065636275,0.14667857075014723,0.02111624383703182,0.09117805952762818,0.5654850940967753,,real_public_sec_edgar_ratio,20192
JPM,JPMORGAN CHASE & CO,0000019617,2019Q3,2019-09-30,0.5516991052429213,0.609002000313389,0.018076906181958365,0.006317607281639011,0.013137234547020413,0.023687533480596715,0.021793630394467894,0.09561678628953062,0.013137234547020413,0.1373946464508905,0.0205855256756615,0.09095185959110204,0.5589430200402854,,real_public_sec_edgar_ratio,20193
JPM,JPMORGAN CHASE & CO,0000019617,2019Q4,2019-12-31,0.5815910577309986,0.6052113661339285,0.01474881130750734,0.004984540117291579,0.012685759081503396,0.024189300708697674,0.02143029700235662,0.09727609802726768,0.012685759081503396,0.13040982665595224,0.021092307881288394,0.08429348107711392,0.5688574529920516,,real_public_sec_edgar_ratio,20194
JPM,JPMORGAN CHASE & CO,0000019617,2020Q1,2020-03-31,0.5849901068334539,,0.01028753127027155,0.003431355728648389,0.0036513909377957196,0.02139982730768863,0.017647752291677952,0.08324342924872472,0.0036513909377957196,0.0438640139017538,0.018402245637288796,,0.5936152160079191,,real_public_sec_edgar_ratio,20201
JPM,JPMORGAN CHASE & CO,0000019617,2020Q2,2020-06-30,0.6010717655214103,,0.004679370428926754,0.0007229306240351647,0.00583569353955606,0.02109415829894576,0.023932942440227565,0.08232038231449931,0.00583569353955606,0.07089001988913508,0.0172481038198144,,0.5122297808012094,,real_public_sec_edgar_ratio,20202
JPM,JPMORGAN CHASE & CO,0000019617,2020Q3,2020-09-30,0.6167575894567159,0.472434016716165,0.0033716128980681675,0.0004896533254455845,0.0116398428257589,0.020800841648277182,0.020020578966004027,0.08354634935984254,0.0116398428257589,0.13932198013374497,0.016040376436683317,0.06218688427845764,0.5768244744488121,,real_public_sec_edgar_ratio,20203
JPM,JPMORGAN CHASE & CO,0000019617,2020Q4,2020-12-31,0.6335039708906725,0.45914505583985504,0.0024101588568907553,0.00035070422995004796,0.014341945374512853,0.018965024667945144,0.0189992959612758,0.08253295583700691,0.014341945374512853,0.17377234619872992,0.01566788989578868,0.059114801554048906,0.5470598261462417,,real_public_sec_edgar_ratio,20204
JPM,JPMORGAN CHASE & CO,0000019617,2021Q1,2021-03-31,0.6174856396923457,0.41641587419758114,0.00242657077439564,0.0002563526288435336,0.015504144919302552,0.02030175619677904,0.021008658468624163,0.0760879464489003,0.015504144919302552,0.20376611070342057,0.013974330340202139,0.060174438829400344,0.5803322382693857,,real_public_sec_edgar_ratio,20211
JPM,JPMORGAN CHASE & CO,0000019617,2021Q2,2021-06-30,0.6256940342907767,0.41803656662257827,0.0023477182408424024,0.0002290456820334051,0.012971954174737043,0.019181077536414407,0.019258162299253905,0.07773238341743896,0.012971954174737043,0.16687966590545628,0.01383291497659229,0.05850165773375603,0.5796450014764264,,real_public_sec_edgar_ratio,20212
JPM,JPMORGAN CHASE & CO,0000019617,2021Q3,2021-09-30,0.6393358377847846,0.427274842623045,0.002331047935086975,0.00020979431415782775,0.01244099919735489,0.018163837537816932,0.017635837571881446,0.07718832566526931,0.01244099919735489,0.16117721287680017,0.013923870069427738,0.05642666822541441,0.5755388403548419,,real_public_sec_edgar_ratio,20213
JPM,JPMORGAN CHASE & CO,0000019617,2021Q4,2021-12-31,0.6577424686134908,0.43103062458194624,0.002303534536570032,0.0002063109211173442,,0.019113321599426428,0.01672843039806687,0.07856864856432381,,,0.014532663633374266,0.05660455580178795,0.6114092353966573,,real_public_sec_edgar_ratio,20214
JPM,JPMORGAN CHASE & CO,0000019617,2022Q1,2022-03-31,0.6476383592430957,0.4123419153547527,0.0025363041722125546,0.0002842409848169242,0.008376895567209238,0.019410891430851545,0.017038010846370397,0.07229371123428985,0.008376895567209238,0.1158730880485766,0.014030946064758095,0.05869180081678413,0.6247680437542729,,real_public_sec_edgar_ratio,20221
JPM,JPMORGAN CHASE & CO,0000019617,2022Q2,2022-06-30,0.6434110827701146,0.4395653081636418,0.0056936069113072635,0.0014533425259675734,0.009006293159059634,0.019523527626223735,0.01623090432076107,0.07449091638954795,0.009006293159059634,0.12090458267369812,0.015752942873193912,0.06865211408268555,0.610418362363666,,real_public_sec_edgar_ratio,20222
JPM,JPMORGAN CHASE & CO,0000019617,2022Q3,2022-09-30,0.6382323887008716,0.45438893305904016,0.013440089013810842,0.0052461684411996105,0.010320402004937088,0.020327068876520846,0.01610860323210782,0.07631872097817527,0.010320402004937088,0.13522765938239972,0.018567608331363655,0.09360335073023113,0.5861963565228023,,real_public_sec_edgar_ratio,20223
JPM,JPMORGAN CHASE & CO,0000019617,2022Q4,2022-12-31,0.6383914529741992,0.4768528390349627,0.021984643055082537,0.009987270204544183,,0.020756501478690677,0.01566394589036929,0.07974699808469933,,,0.022033186723673756,0.11848150541122535,0.5506122094537876,,real_public_sec_edgar_ratio,20224
JPM,JPMORGAN CHASE & CO,0000019617,2023Q1,2023-03-31,0.6348983322672699,0.46643878459718,0.027414835526551024,0.012850125754389626,0.013483944283385034,0.02148008775994477,0.018842482116173762,0.08094479482841276,0.013483944283385034,0.16658198111402195,0.022125334341085996,0.13348688678198808,0.5243161490521265,,real_public_sec_edgar_ratio,20231
JPM,JPMORGAN CHASE & CO,0000019617,2023Q2,2023-06-30,0.620168862324985,0.5327675052793667,0.03312265888330036,0.015991916503887933,0.014964945298120076,0.021531239013091227,0.020193162782040412,0.08079023018220173,0.014964945298120076,0.18523211611565488,0.022520836349347508,0.13033208172513808,0.5040792117558768,,real_public_sec_edgar_ratio,20232
JPM,JPMORGAN CHASE & CO,0000019617,2023Q3,2023-09-30,0.6103957768615457,0.5413317610313987,0.036696384069768516,0.01814815219501699,0.013493972936637276,0.02232441405082634,0.01759521313340856,0.08141197788901051,0.013493972936637276,0.16574923354685842,0.02331868519184995,0.13836053203406845,0.5456437779003862,,real_public_sec_edgar_ratio,20233
JPM,JPMORGAN CHASE & CO,0000019617,2023Q4,2023-12-31,0.6194695608935662,0.5420471131608938,0.03887718853928541,0.019980938797544704,,0.025273307765173753,0.014989963598530524,0.08460509682501878,,,0.024824321043052922,0.14565283880714924,0.6347799035619848,,real_public_sec_edgar_ratio,20234
JPM,JPMORGAN CHASE & CO,0000019617,2024Q1,2024-03-31,0.593637512354161,0.5300857474997004,0.04011844792207573,0.020151465424481627,0.013121384047383264,0.022252279362568073,0.01843388717946712,0.08229270738428646,0.013121384047383264,0.15944771370942587,0.022570071285617447,0.14740709954826706,0.5426861258167597,,real_public_sec_edgar_ratio,20241
JPM,JPMORGAN CHASE & CO,0000019617,2024Q2,2024-06-30,0.5784523931071255,0.5414949948467159,0.043007181216175056,0.02073164116451703,0.017522555498994327,0.02289450430038308,0.026506377137549744,0.08219931291384534,0.017522555498994327,0.2131715567666612,0.021960881997913108,0.14953429466852738,0.4723705179282868,,real_public_sec_edgar_ratio,20242
JPM,JPMORGAN CHASE & CO,0000019617,2024Q3,2024-09-30,0.5773739396795476,0.5414172945878922,0.044448430375205905,0.021250861866106734,0.01225449211030373,0.02143918549147183,0.018288627588094006,0.08214538171536287,0.01225449211030373,0.1491805364392371,0.022237276154571158,0.15323290240125464,0.5290242415717166,,real_public_sec_edgar_ratio,20243
JPM,JPMORGAN CHASE & CO,0000019617,2024Q4,2024-12-31,0.6010851366063974,0.5501352434215339,0.04025881617534596,0.019933234470696982,,0.022745998190273144,0.019404349040450044,0.08612890831300181,,,0.023333584823076965,0.1437426859054896,0.5322203516647961,,real_public_sec_edgar_ratio,20244
JPM,JPMORGAN CHASE & CO,0000019617,2025Q1,2025-03-31,0.572730489488409,0.5330739455510027,0.03779032380201428,0.017752477385704502,0.013440554254202066,0.021659274652489666,0.02022737786654722,0.08064057187754713,0.013440554254202066,0.16667235786238688,0.02136188070464008,0.14085970024509822,0.5207901125579343,,real_public_sec_edgar_ratio,20251
JPM,JPMORGAN CHASE & CO,0000019617,2025Q2,2025-06-30,0.5628534061200022,0.5413088612930167,0.03907617137192766,0.017797516371498373,0.013168201433855203,0.020893218248858536,0.019069158318473306,0.07840206726792111,0.013168201433855203,0.16795732424829934,0.020392392545429065,0.13911937587912093,0.5294576059850374,,real_public_sec_edgar_ratio,20252
JPM,JPMORGAN CHASE & CO,0000019617,2025Q3,2025-09-30,0.5588511919968511,0.553079958375123,0.03998154190975312,0.018258755428734664,0.012624871031017245,0.021298165323708033,0.019701745864495128,0.07899030854972529,0.012624871031017245,0.1598281012292761,0.02102186195576734,0.14030113989887272,0.5229930859198312,,real_public_sec_edgar_ratio,20253
JPM,JPMORGAN CHASE & CO,0000019617,2025Q4,2025-12-31,0.5783904721010644,0.5734585749339668,0.03721769845115109,0.017193629557851305,,0.021680037966959706,0.01880539673212954,0.08190874370042261,,,0.02259486090081132,0.13302227212768045,0.5236691558583344,,real_public_sec_edgar_ratio,20254
JPM,JPMORGAN CHASE & CO,0000019617,2026Q1,2026-03-31,0.5459715639810426,0.5522634852290396,0.035619244109556275,0.015374955148905634,0.013463184691279927,0.02191624281319668,0.019973573990276453,0.07428626816788168,0.013463184691279927,0.18123382723781584,0.020704931664787596,0.13316531221067793,0.538767156272574,,real_public_sec_edgar_ratio,20261
PNC,"PNC FINANCIAL SERVICES GROUP, INC.",0000713676,2018Q2,2018-06-30,0.6957639784508459,0.8315835173754649,0.010102497310153462,0.003941333031315476,,0.02714920241337918,0.020078222063454956,0.12338755644044958,,,0.025352564018376142,0.05596665970563934,0.5975948196114709,,real_public_sec_edgar_ratio,20182
PNC,"PNC FINANCIAL SERVICES GROUP, INC.",0000713676,2018Q3,2018-09-30,0.6969164386444959,0.8323228281058879,0.01143141903625738,0.005073919149514505,,0.02744685329404336,0.019901073458219322,0.12392654178067775,,,0.02595243106714376,0.05847534120443237,0.5985770025246729,,real_public_sec_edgar_ratio,20183
PNC,"PNC FINANCIAL SERVICES GROUP, INC.",0000713676,2018Q4,2018-12-31,,,,,,,,,,,,,0.7583872866391995,,real_public_sec_edgar_ratio,20184
PNC,"PNC FINANCIAL SERVICES GROUP, INC.",0000713676,2019Q1,2019-03-31,0.6904161267905009,0.846545805818871,0.014054958871178854,0.006961112893175676,,0.026250073185570606,0.018440218207551734,0.12365179451019125,,,0.025201292138978763,0.05972099424654074,0.6014932337844143,,real_public_sec_edgar_ratio,20191
PNC,"PNC FINANCIAL SERVICES GROUP, INC.",0000713676,2019Q2,2019-06-30,0.6734506273397394,0.8581351094196004,0.014623435555880845,0.007538607919197833,,0.02573928987753875,0.01692622011479664,0.12169971978578523,,,0.024625333632359934,0.059651846102672136,0.6194543297746145,,real_public_sec_edgar_ratio,20192
PNC,"PNC FINANCIAL SERVICES GROUP, INC.",0000713676,2019Q3,2019-09-30,0.6983903784640366,0.8216140316475421,0.013992429521365068,0.007437417493338189,,0.025658081366344187,0.017001046669731682,0.12094170929970947,,,0.024494028113353352,0.05971726780288017,0.6183404054691184,,real_public_sec_edgar_ratio,20193
PNC,"PNC FINANCIAL SERVICES GROUP, INC.",0000713676,2019Q4,2019-12-31,0.7032501005374182,0.8312296388715603,0.01172800998128509,0.006487835308796008,,0.02692696718214943,0.01567652542682704,0.12026225033207814,,,0.024255718446483627,0.05560304032221078,0.67431640625,,real_public_sec_edgar_ratio,20194
PNC,"PNC FINANCIAL SERVICES GROUP, INC.",0000713676,2020Q1,2020-03-31,0.6850926950591816,,0.009030025818796607,0.004914745547240534,,0.02283313093583962,0.016386340526113766,0.11064146911399281,,,0.022545808800587215,,0.5864852398523985,,real_public_sec_edgar_ratio,20201
PNC,"PNC FINANCIAL SERVICES GROUP, INC.",0000713676,2020Q2,2020-06-30,0.7538422320895555,,0.003791940392546756,0.0016300719370399164,,0.021918261877475607,0.013499557713005853,0.1153606490942921,,,0.022022842053431756,,0.6170264965652601,,real_public_sec_edgar_ratio,20202
PNC,"PNC FINANCIAL SERVICES GROUP, INC.",0000713676,2020Q3,2020-09-30,0.7688738179841799,,0.0021628989605130128,0.0008336173076977236,,0.02192210334396525,0.015564606759820448,0.11543533477546301,,,0.021515015688032272,,0.5912170053725765,,real_public_sec_edgar_ratio,20203
PNC,"PNC FINANCIAL SERVICES GROUP, INC.",0000713676,2020Q4,2020-12-31,0.782861452947315,0.6475167307613352,0.0016641804321942274,0.0005802734401729872,,0.023210815142742657,0.015291024451496639,0.11579908245282089,,,0.02077659376145059,0.04355637092240253,0.6435361216730038,,real_public_sec_edgar_ratio,20204
PNC,"PNC FINANCIAL SERVICES GROUP, INC.",0000713676,2021Q1,2021-03-31,0.7905900753350449,,0.0014397427659591487,0.0004265904491730811,,0.02170256358370537,0.01578368260633118,0.11356958268516527,,,0.019797054892983765,,0.6099526066350711,,real_public_sec_edgar_ratio,20211
PNC,"PNC FINANCIAL SERVICES GROUP, INC.",0000713676,2021Q2,2021-06-30,0.8171656333677365,,0.0010598763919157927,0.0002649690979789482,,0.022013236811905913,0.015055610488405159,0.0986716274638586,,,0.018628250561157102,,0.6535247482322691,,real_public_sec_edgar_ratio,20212
PNC,"PNC FINANCIAL SERVICES GROUP, INC.",0000713676,2021Q3,2021-09-30,0.8110024118587572,,0.0010603650685450277,0.0002584082940151748,,0.02592161007380107,0.016917337380197465,0.10170817412355582,,,0.02063900707297905,,0.6902058880123147,,real_public_sec_edgar_ratio,20213
PNC,"PNC FINANCIAL SERVICES GROUP, INC.",0000713676,2021Q4,2021-12-31,0.8206844690599813,0.6199817179046444,0.0009884577871666687,0.0002361801792345138,,0.02721508423502892,0.01626013341924044,0.10001238354531929,,,0.020545916929742225,0.041974716406117725,0.7394187634094012,,real_public_sec_edgar_ratio,20214
PNC,"PNC FINANCIAL SERVICES GROUP, INC.",0000713676,2022Q1,2022-03-31,0.8317788953636609,0.643938098210339,0.0009773499157035698,0.00023989497930905805,,0.023442205577500805,0.013952989952812585,0.09093092604841421,,,0.020722554993478012,0.0402071066129928,0.6760443307757886,,real_public_sec_edgar_ratio,20221
PNC,"PNC FINANCIAL SERVICES GROUP, INC.",0000713676,2022Q2,2022-06-30,0.8151301993764631,0.6949418231396222,0.00208706225570596,0.0007985281674005413,,0.02399470400491137,0.015274064047516023,0.08818275621040486,,,0.02256715225616048,0.042841567157845255,0.63408913213448,,real_public_sec_edgar_ratio,20222
PNC,"PNC FINANCIAL SERVICES GROUP, INC.",0000713676,2022Q3,2022-09-30,0.7832207579578785,0.7093182471690621,0.005997343642313678,0.0031036481558396507,,0.023450472494847868,0.01482813413241295,0.08351192274213239,,,0.02484463168280376,0.05317564241568244,0.5910974950441521,,real_public_sec_edgar_ratio,20223
PNC,"PNC FINANCIAL SERVICES GROUP, INC.",0000713676,2022Q4,2022-12-31,0.7829014307427552,0.7364136040450902,0.013064944233316982,0.0074447261175111515,,0.02493616120216128,0.0149229358489618,0.08220893904673376,,,0.026443528459632167,0.06360727580582912,0.6028110359187923,,real_public_sec_edgar_ratio,20224
PNC,"PNC FINANCIAL SERVICES GROUP, INC.",0000713676,2023Q1,2023-03-31,0.7775914642286886,0.7365148695267986,0.018991239214986046,0.01182145121820009,,0.02364639349777581,0.014368690779437393,0.08735494689173819,,,0.025526142935720045,0.07035625703220673,0.5927181866857041,,real_public_sec_edgar_ratio,20231
PNC,"PNC FINANCIAL SERVICES GROUP, INC.",0000713676,2023Q2,2023-06-30,0.7658252225428918,0.7415956901815017,0.022774855025509428,0.014325514808568173,,0.024163079287791087,0.012776622292447068,0.08840089787480272,,,0.02515195975686439,0.07499747653174522,0.637067825429813,,real_public_sec_edgar_ratio,20232
PNC,"PNC FINANCIAL SERVICES GROUP, INC.",0000713676,2023Q3,2023-09-30,0.7600630860489401,0.7404210014423679,0.0262978359761006,0.016921264656794357,,0.02328944582602174,0.013026300207774871,0.08878159236651631,,,0.024531071135082374,0.07910753740646391,0.6201031912860692,,real_public_sec_edgar_ratio,20233
PNC,"PNC FINANCIAL SERVICES GROUP, INC.",0000713676,2023Q4,2023-12-31,0.7504149008155561,0.7515507168654401,0.02941497515530898,0.018936068226796197,,0.02901812742619039,0.013946365611310943,0.09106627728907725,,,0.024238754941415294,0.08211747395940225,0.7599328483491886,,real_public_sec_edgar_ratio,20234
PNC,"PNC FINANCIAL SERVICES GROUP, INC.",0000713676,2024Q1,2024-03-31,0.751770694606844,0.7402965998157999,0.03041181888239385,0.019519575963761443,,0.02355509553802622,0.013289482515605074,0.09074081270025187,,,0.023060537443346605,0.08251663027471691,0.6480077745383868,,real_public_sec_edgar_ratio,20241
PNC,"PNC FINANCIAL SERVICES GROUP, INC.",0000713676,2024Q2,2024-06-30,0.7482062607026894,0.7608065496132241,0.03137435727477299,0.0200196449971301,,0.02412855625773783,0.015158512108301783,0.09466163778774848,,,0.023733241812049544,0.0829311253720884,0.6204028830160784,,real_public_sec_edgar_ratio,20242
PNC,"PNC FINANCIAL SERVICES GROUP, INC.",0000713676,2024Q3,2024-09-30,0.7505403793011272,0.7472108612483076,0.03219126061995537,0.02103942297259686,,0.023558944273218606,0.014318059909963337,0.09865617714173427,,,0.024146678680996528,0.08613853885199121,0.6124815905743741,,real_public_sec_edgar_ratio,20243
PNC,"PNC FINANCIAL SERVICES GROUP, INC.",0000713676,2024Q4,2024-12-31,0.7619804370417722,0.7310832407706837,0.027848469084075005,0.018840600087172924,,0.02504115792142676,0.014599009352936764,0.09725947167870752,,,0.025162578253618506,0.08326148066709191,0.629782647745644,,real_public_sec_edgar_ratio,20244
PNC,"PNC FINANCIAL SERVICES GROUP, INC.",0000713676,2025Q1,2025-03-31,0.7623908912932965,0.7431895298109549,0.025101970845205303,0.017100362957095397,,0.024423044335721317,0.014248578567282351,0.10176448743695041,,,0.02506480723677806,0.07801314642418535,0.6212399119589141,,real_public_sec_edgar_ratio,20251
PNC,"PNC FINANCIAL SERVICES GROUP, INC.",0000713676,2025Q2,2025-06-30,0.7631741330371468,0.754206742036485,0.025451375217953764,0.01729568592159289,,0.024202880665060534,0.015066883440915602,0.10311979638959984,,,0.025433414355391724,0.07793248958258886,0.5975975975975976,,real_public_sec_edgar_ratio,20252
PNC,"PNC FINANCIAL SERVICES GROUP, INC.",0000713676,2025Q3,2025-09-30,0.7608546206091422,0.7443991782765529,0.0266112688879697,0.018301602083424802,,0.024340371364724042,0.015943259717951287,0.1037999743304376,,,0.02565549689064239,0.08104601133675629,0.5851225697379544,,real_public_sec_edgar_ratio,20253
PNC,"PNC FINANCIAL SERVICES GROUP, INC.",0000713676,2025Q4,2025-12-31,0.7686323600175741,0.7418830211447469,0.024034513888573854,0.016912168323254685,,0.02512674956239147,0.01631878822536665,0.1057164575676637,,,0.02601940122600127,0.07802587205836042,0.5934771866249382,,real_public_sec_edgar_ratio,20254
PNC,"PNC FINANCIAL SERVICES GROUP, INC.",0000713676,2026Q1,2026-03-31,0.7589166672194326,0.778458553298605,0.021702268992762997,0.015164493234975353,,0.024993864298175208,0.014619553320907155,0.1055937701068607,,,0.026274070192428875,0.07235165328692528,0.6111922141119221,,real_public_sec_edgar_ratio,20261
TFC,TRUIST FINANCIAL CORP,0000092230,2018Q2,2018-06-30,0.7161589897656289,0.9070575325286095,0.008452735538485657,0.0037121805925693684,,0.030896214764618447,0.021950682815327756,0.13396742425263045,,,0.02976455108428649,0.05513884952265076,0.5974296630774575,,real_public_sec_edgar_ratio,20182
TFC,TRUIST FINANCIAL CORP,0000092230,2018Q3,2018-09-30,0.6934338335913139,0.9391547400295038,0.009886384223194182,0.004451460959134553,,0.03126275882181394,0.022235682078201764,0.13462996612602912,,,0.030275702716647597,0.05701609347442681,0.595352016404648,,real_public_sec_edgar_ratio,20183
TFC,TRUIST FINANCIAL CORP,0000092230,2018Q4,2018-12-31,0.7142274819780502,0.9147389251794366,0.010694855427142849,0.005111694241279412,,0.03161761122212524,0.021887752163298583,0.1337102398348228,,,0.030217503998723954,0.05794310128513784,0.6068027210884354,,real_public_sec_edgar_ratio,20184
TFC,TRUIST FINANCIAL CORP,0000092230,2019Q1,2019-03-31,0.7017036845087249,0.9232001802636356,0.01194246585631486,0.006334263860896561,,0.031060729171699247,0.021117079448180146,0.1356403420545232,,,0.02979581259909611,0.05893041167218094,0.6100759144237405,,real_public_sec_edgar_ratio,20191
TFC,TRUIST FINANCIAL CORP,0000092230,2019Q2,2019-06-30,0.6909499636162029,0.9465274164530062,0.012938735338920895,0.006845493696754659,,0.030337156519629926,0.023424235073980386,0.13758272982431824,,,0.029280293842475484,0.05844056930545529,0.5756081525312294,,real_public_sec_edgar_ratio,20192
TFC,TRUIST FINANCIAL CORP,0000092230,2019Q3,2019-09-30,0.6854487856388596,0.9110179935913236,0.012768055213211733,0.006679812669460192,,0.031087645195353748,0.022014783526927137,0.13644350580781414,,,0.028722280887011616,0.06001082251082251,0.6127206127206127,,real_public_sec_edgar_ratio,20193
TFC,TRUIST FINANCIAL CORP,0000092230,2019Q4,2019-12-31,0.7075513974439733,0.8911530889351621,0.006990771584007266,0.00363281121630463,,0.02177230816059931,0.011820460896511781,0.14069138704399697,,,0.018829875834428994,0.0377078912344574,0.7103448275862069,,real_public_sec_edgar_ratio,20194
TFC,TRUIST FINANCIAL CORP,0000092230,2020Q1,2020-03-31,,,,,,0.02711026037623289,0.01549496374170583,0.13049627737644426,,,0.028840702527907332,0.056378933691699204,0.6114774549991089,,real_public_sec_edgar_ratio,20201
TFC,TRUIST FINANCIAL CORP,0000092230,2020Q2,2020-06-30,,,,,,0.03075727292915834,0.019217347165381808,0.1365815646711716,,,0.027346848132990705,0.05031007074853699,0.6605348322261966,,real_public_sec_edgar_ratio,20202
TFC,TRUIST FINANCIAL CORP,0000092230,2020Q3,2020-09-30,,,,,,0.030089165696748486,0.017708936402081002,0.1401750460252052,,,0.02694001999266802,0.04818395818648508,0.673905240488155,,real_public_sec_edgar_ratio,20203
TFC,TRUIST FINANCIAL CORP,0000092230,2020Q4,2020-12-31,0.7483425891742009,0.771232585540455,0.0025716587461326714,0.000703269942819955,,0.03010832083074772,0.017948738089814387,,,,0.026440022936680622,0.04914613523693514,0.6782870288444524,,real_public_sec_edgar_ratio,20204
TFC,TRUIST FINANCIAL CORP,0000092230,2021Q1,2021-03-31,,,,,,0.02790138676075334,0.016980428452458472,0.1311519756075411,,,0.025389489060685517,0.048892946975501055,0.6585187887632251,,real_public_sec_edgar_ratio,20211
TFC,TRUIST FINANCIAL CORP,0000092230,2021Q2,2021-06-30,,,,,,0.030737752028875555,0.018430389835314313,0.13092090642266516,,,0.02486761539109977,0.048947271150538096,0.7099115044247788,,real_public_sec_edgar_ratio,20212
TFC,TRUIST FINANCIAL CORP,0000092230,2021Q3,2021-09-30,,,,,,0.02864777951400684,0.017852964044960784,0.13002845905896385,,,0.024405341546451676,0.04879994302400114,0.6779206859592711,,real_public_sec_edgar_ratio,20213
TFC,TRUIST FINANCIAL CORP,0000092230,2021Q4,2021-12-31,0.7695056361214321,0.684480705326444,,,,,,0.12798549998983816,,,,,,,real_public_sec_edgar_ratio,20214
TFC,TRUIST FINANCIAL CORP,0000092230,2022Q1,2022-03-31,,,,,,0.027015748769713535,0.01575060801979488,0.11957079225484807,,,0.023405315278714804,0.04696566414023944,0.6899530516431925,,real_public_sec_edgar_ratio,20221
TFC,TRUIST FINANCIAL CORP,0000092230,2022Q2,2022-06-30,,,,,,0.026269300689936034,0.016495359762842516,0.11556841300036873,,,0.024999862416372084,0.04905918691042658,0.6330680813439434,,real_public_sec_edgar_ratio,20222
TFC,TRUIST FINANCIAL CORP,0000092230,2022Q3,2022-09-30,,,,,,0.026351201047338076,0.015330812234017336,0.11088035475295294,,,0.027313935212366757,0.05635056266726857,0.6179237215666153,,real_public_sec_edgar_ratio,20223
TFC,TRUIST FINANCIAL CORP,0000092230,2022Q4,2022-12-31,,,,,,,,,,,,,,,real_public_sec_edgar_ratio,20224
TFC,TRUIST FINANCIAL CORP,0000092230,2023Q1,2023-03-31,,,,,,0.020997503281948066,0.009896335709336054,0.10863335155670545,,,0.0269311260999314,0.07158548735434445,0.5701588502269289,,real_public_sec_edgar_ratio,20231
TFC,TRUIST FINANCIAL CORP,0000092230,2023Q2,2023-06-30,,,,,,0.021971007070610532,0.009954034720105889,0.11483385598026505,,,0.025988686301841677,0.07779870608467775,0.6112783463776841,,real_public_sec_edgar_ratio,20232
TFC,TRUIST FINANCIAL CORP,0000092230,2023Q3,2023-09-30,,,,,,0.022553606273735184,0.009832193061817887,0.11425502158623345,,,0.02605457456786074,0.08008848703883527,0.6284658040665434,,real_public_sec_edgar_ratio,20233
TFC,TRUIST FINANCIAL CORP,0000092230,2023Q4,2023-12-31,0.7394522078121002,0.776181273919139,,0.01937023985449585,,0.07140762381175644,0.010184010804167,0.11068106973208132,,,,0.08157181307218897,,,real_public_sec_edgar_ratio,20234
TFC,TRUIST FINANCIAL CORP,0000092230,2024Q1,2024-03-31,,,,,,0.02208019680012861,0.010812043539785291,0.110387898885709,,,0.025213147175764873,0.08179326171132295,0.6129099211290993,,real_public_sec_edgar_ratio,20241
TFC,TRUIST FINANCIAL CORP,0000092230,2024Q2,2024-06-30,,,,,,0.023806729979436496,-0.04010364468417033,0.12277893943095453,,,0.027138441059299457,0.08443120936972388,-1.8362017804154303,,real_public_sec_edgar_ratio,20242
TFC,TRUIST FINANCIAL CORP,0000092230,2024Q3,2024-09-30,,,,,,0.02236767195100051,0.011332851897278357,0.12550961534787575,,,0.027525915397165642,0.08519256174515998,0.575614552605703,,real_public_sec_edgar_ratio,20243
TFC,TRUIST FINANCIAL CORP,0000092230,2024Q4,2024-12-31,0.7352064099281594,0.7721061957779803,0.026518216550071187,0.019000112669131732,,0.0228549482657349,0.011069777248972092,0.119883051945118,,,0.027034353961775382,0.0819697140545094,0.599802371541502,,real_public_sec_edgar_ratio,20244
TFC,TRUIST FINANCIAL CORP,0000092230,2025Q1,2025-03-31,,,,,,0.021690654395697697,0.01039001752195843,0.12061041352941505,,,0.026176574317175436,0.07884964841589634,0.5931822820983874,,real_public_sec_edgar_ratio,20251
TFC,TRUIST FINANCIAL CORP,0000092230,2025Q2,2025-06-30,,,,,,0.021962624555700003,0.010297278760207636,0.11922777764497557,,,0.026383099223474853,0.07842062842269916,0.5987567675957489,,real_public_sec_edgar_ratio,20252
TFC,TRUIST FINANCIAL CORP,0000092230,2025Q3,2025-09-30,,,,,,0.02216783641107583,0.011459020945075029,0.12070585509634073,,,0.026691134152552812,0.07888313725490197,0.5810680547522653,,real_public_sec_edgar_ratio,20253
TFC,TRUIST FINANCIAL CORP,0000092230,2025Q4,2025-12-31,0.731269793146777,0.8081084321100505,0.02411600457544743,0.01631376780103797,,0.02315821002377917,0.011294193279735836,0.119058403252377,,,0.02703008740945834,0.07558295860182652,0.6042699199390011,,real_public_sec_edgar_ratio,20254
TFC,TRUIST FINANCIAL CORP,0000092230,2026Q1,2026-03-31,,,,,,0.0217350516872353,0.011315633680950864,0.11697071815656451,,,0.026223416366865523,0.07223668463844644,0.578998447204969,,real_public_sec_edgar_ratio,20261
USB,US BANCORP DE,0000036104,2018Q2,2018-06-30,0.7371745543852651,0.8155551634909433,0.008833215713949658,0.005022347682898142,0.015173552930771748,0.02674880616653191,0.020930832442790287,0.10893960709168511,0.015173552930771748,0.13928407982967547,0.027719913554101302,0.0569380647115239,0.5498128675815362,,real_public_sec_edgar_ratio,20182
USB,US BANCORP DE,0000036104,2018Q3,2018-09-30,0.7128131948076546,0.8456509792317123,0.010532100562235414,0.005930345614744941,0.015626109808935293,0.026207095459173022,0.02081759422479644,0.10978525936974691,0.015626109808935293,0.1423334052188915,0.02798924682581192,0.058887171009173005,0.5369553713176927,,real_public_sec_edgar_ratio,20183
USB,US BANCORP DE,0000036104,2018Q4,2018-12-31,0.739183180921489,0.818690209132354,0.011670887907952818,0.007016426658947825,0.01588449507246873,0.028071736981518013,0.021379024079217074,0.11052604552242958,0.01588449507246873,0.14371721160733297,0.02826858147864451,0.06096797802267737,0.5654197552146182,,real_public_sec_edgar_ratio,20184
USB,US BANCORP DE,0000036104,2019Q1,2019-03-31,0.7316210393568389,0.8150519841304041,0.012548586991183238,0.007986509119846476,0.014284062844832116,0.025953444380221742,0.019261205401712996,0.11073721822289948,0.014284062844832116,0.12899062369509925,0.027399506069045242,0.061344546701021116,0.5562162162162162,,real_public_sec_edgar_ratio,20191
USB,US BANCORP DE,0000036104,2019Q2,2019-06-30,0.733159788175264,0.8154806230303785,0.012979327645911257,0.008630233565605914,0.015120848461447442,0.026181238439837332,0.020675954238882004,0.11114363352909061,0.015120848461447442,0.13604781471796787,0.02744338504397792,0.06181751264717422,0.5440897325280414,,real_public_sec_edgar_ratio,20192
USB,US BANCORP DE,0000036104,2019Q3,2019-09-30,0.7376181893120567,0.8079479588007172,0.012854621019418151,0.00827321629623452,0.01564989511371396,0.025787877482975202,0.021440684395832438,0.11103182268373556,0.01564989511371396,0.14094963709900826,0.02691158588474607,0.06106712635610104,0.5333333333333333,,real_public_sec_edgar_ratio,20193
USB,US BANCORP DE,0000036104,2019Q4,2019-12-31,0.7305147489231489,0.8070436233822212,0.011582798218371113,0.007228196598105638,0.011997755467012228,0.027459196731701607,0.01966792215184508,0.10593509424212698,0.011997755467012228,0.11325572090010098,0.025892867956062056,0.05827130737258715,0.6026936026936027,,real_public_sec_edgar_ratio,20194
USB,US BANCORP DE,0000036104,2020Q1,2020-03-31,0.7272931559432612,0.7903908786538822,0.009046381700577935,0.0053184214925010255,0.008627596890086553,0.02443135037363536,0.018603486035412932,0.09607871669101083,0.008627596890086553,0.08979717035389748,0.023746152670152825,0.0527541823005617,0.5768963117606124,,real_public_sec_edgar_ratio,20201
USB,US BANCORP DE,0000036104,2020Q2,2020-06-30,0.7560678457226901,0.7329968594697391,0.004568044015813949,0.0018775435149743773,0.005041598677037676,0.0242787001602482,0.019127342440894757,0.09600257567885968,0.005041598677037676,0.05251524390243902,0.02341526236069748,0.04848292798859225,0.5706914344685242,,real_public_sec_edgar_ratio,20202
USB,US BANCORP DE,0000036104,2020Q3,2020-09-30,0.764572443589198,0.7249895333444655,0.0033493297710403976,0.0012584187001018834,0.01169385055184983,0.024949348234358088,0.02007197639026376,0.09842632596608414,0.01169385055184983,0.11880815866152834,0.023883579576467976,0.04770710799858468,0.5676039737329517,,real_public_sec_edgar_ratio,20203
USB,US BANCORP DE,0000036104,2020Q4,2020-12-31,0.7758911726740145,0.6756939758475463,0.002829420387649208,0.0009400376945808223,0.010969390057861907,0.024292974427022683,0.018414710103718146,0.09699316669826054,0.010969390057861907,0.11309446254071662,0.022928119442864752,0.04792126531975633,0.5875982532751092,,real_public_sec_edgar_ratio,20204
USB,US BANCORP DE,0000036104,2021Q1,2021-03-31,0.7838463971086514,0.6641537620947942,0.0025636237467176626,0.0007838417930611558,0.01648068669527897,0.02442466681725774,0.0172107522023944,0.09452541224305398,0.01648068669527897,0.1743519155769672,0.022140501468262932,0.04638924758056678,0.6206833210874357,,real_public_sec_edgar_ratio,20211
USB,US BANCORP DE,0000036104,2021Q2,2021-06-30,0.7822382382095812,0.6653659116798039,0.002241629344300543,0.0007502596172761001,0.014185361594314404,0.024241079576156854,0.01874443088572625,0.09603747454758216,0.014185361594314404,0.14770652457428177,0.02245180591390731,0.046506191428944674,0.5884294649061849,,real_public_sec_edgar_ratio,20212
USB,US BANCORP DE,0000036104,2021Q3,2021-09-30,0.7804509290830757,0.6588726174187518,0.002149459699888463,0.0007044447755936979,0.014294399069595327,0.024169375941638253,0.01898166503669636,0.09582110855602252,0.014294399069595327,0.14917797638750965,0.022350857716808076,0.04672807522548455,0.5847544338335607,,real_public_sec_edgar_ratio,20213
USB,US BANCORP DE,0000036104,2021Q4,2021-12-31,0.7955620599912085,0.6715970557990542,0.0020347173650410123,0.0006577750102503273,0.0116730974525715,0.02465095833827562,0.01768059112063131,0.09661354581673307,0.0116730974525715,0.1208225756946576,0.021790247067770947,0.043812682824905975,0.6245359731306346,,real_public_sec_edgar_ratio,20214
USB,US BANCORP DE,0000036104,2022Q1,2022-03-31,0.7869268921446437,0.6787405805705173,0.0021232986527886712,0.0006933220090738518,0.010618618045171752,0.02388336569954494,0.0163405323289862,0.08809292825271901,0.010618618045171752,0.12053882480452117,0.021639611469062278,0.04364286398314553,0.628838211528102,,real_public_sec_edgar_ratio,20221
USB,US BANCORP DE,0000036104,2022Q2,2022-06-30,0.7898495217127368,0.6990700104045797,0.0033397416410120275,0.001515728898613151,0.010355422308122851,0.02518849946143011,0.017234236473610075,0.08297358217460486,0.010355422308122851,0.1248038476431148,0.02323375285983148,0.046855333392540506,0.6224302189537022,,real_public_sec_edgar_ratio,20222
USB,US BANCORP DE,0000036104,2022Q3,2022-09-30,0.7839753200226965,0.7146183364887466,0.007649401037465934,0.004533607274147402,0.012060441983250495,0.02420741031627045,0.01643335058313768,0.07983386940844264,0.012060441983250495,0.15106924006836467,0.025472026197516363,0.05617019759957944,0.5776683608640406,,real_public_sec_edgar_ratio,20223
USB,US BANCORP DE,0000036104,2022Q4,2022-12-31,0.777966968235268,0.7262751059096035,0.012808204565542044,0.008236567004967846,0.005483065478175176,0.02396544186839161,0.01211016515882366,0.07592119204807314,0.005483065478175176,0.07222048719550281,0.025447351457087604,0.06267359426348823,0.6380997474747475,,real_public_sec_edgar_ratio,20224
USB,US BANCORP DE,0000036104,2023Q1,2023-03-31,0.7405569062263235,0.7536445831412181,0.018443064952437867,0.011912795173141198,0.009953442158806641,0.026700782705161515,0.014695688746836426,0.07833499663675651,0.009953442158806641,0.12706252104613314,0.027163869825624253,0.07314242502218744,0.6378658451197311,,real_public_sec_edgar_ratio,20231
USB,US BANCORP DE,0000036104,2023Q2,2023-06-30,0.7661293283883523,0.7136963190184049,0.023857361963190184,0.01486963190184049,0.00799618110380788,0.026843902618147102,0.016015863107259574,0.07855763228436088,0.00799618110380788,0.10178745045247177,0.025939117981860244,0.0808673414566007,0.6398263548522616,,real_public_sec_edgar_ratio,20232
USB,US BANCORP DE,0000036104,2023Q3,2023-09-30,0.7759397280697684,0.709964927714051,0.027147261159276022,0.019909020406745918,0.009119228069019922,0.027124164906539888,0.016549931965049943,0.08020190437983411,0.009119228069019922,0.1137033857180186,0.02536378864108233,0.08427894439372201,0.6471428571428571,,real_public_sec_edgar_ratio,20233
USB,US BANCORP DE,0000036104,2023Q4,2023-12-31,0.7721461180332514,0.7152984899826668,0.028513874357813208,0.02147909867424538,0.0051063239742513465,0.031463878183728186,0.01579524062873498,0.08405690506728802,0.0051063239742513465,0.06074841763640602,0.024784058864400573,0.08473595738642566,0.7753677016787995,,real_public_sec_edgar_ratio,20234
USB,US BANCORP DE,0000036104,2024Q1,2024-03-31,0.7724668888219237,0.6951329670891542,0.02862537235140504,0.021845878238013268,0.0077178959810183054,0.026091052448340125,0.015798574032410483,0.08196680544056079,0.0077178959810183054,0.0941587992789963,0.02331752500709473,0.08460419424966083,0.6670157068062827,,real_public_sec_edgar_ratio,20241
USB,US BANCORP DE,0000036104,2024Q2,2024-06-30,0.7702063647512418,0.7036933092776616,0.030256689290453144,0.023123991714157525,0.009428607559943417,0.024786121183781384,0.01655741127962615,0.08364727714400831,0.009428607559943417,0.11271864287597785,0.02366268759429343,0.08665595902155275,0.6162620649312665,,real_public_sec_edgar_ratio,20242
USB,US BANCORP DE,0000036104,2024Q3,2024-09-30,0.759147171977176,0.7034776284657792,0.03032634788565639,0.02305754215350843,0.009987341016127457,0.02449637201388555,0.015721030374277644,0.0864146815078321,0.009987341016127457,0.11557458572849412,0.024094314528405505,0.08822598771426389,0.6152495243670423,,real_public_sec_edgar_ratio,20243
USB,US BANCORP DE,0000036104,2024Q4,2024-12-31,0.764109164138354,0.7181989894059335,0.028438634096648912,0.02139264415628515,0.009806609879142232,0.025421704864090292,0.01670602873578469,0.0870388224991818,0.009806609879142232,0.11266937669376693,0.024448709897127895,0.08414797622021819,0.6177102736781774,,real_public_sec_edgar_ratio,20244
USB,US BANCORP DE,0000036104,2025Q1,2025-03-31,0.7576250315969661,0.7301790156577728,0.02672259889761475,0.019597092824740255,0.010105116269444145,0.025023318930536935,0.01676893489768496,0.08951808529037428,0.010105116269444145,0.11288351662868655,0.024195515374233728,0.08033454914692639,0.6108545034642032,,real_public_sec_edgar_ratio,20251
USB,US BANCORP DE,0000036104,2025Q2,2025-06-30,0.7557396156591926,0.7185151055392439,0.027398369438441386,0.01959449950551071,0.010577385375234932,0.02436586680653292,0.017040371811122283,0.09017876655448227,0.010577385375234932,0.11729352462194649,0.023608257936681382,0.08160856009830805,0.599426523297491,,real_public_sec_edgar_ratio,20252
USB,US BANCORP DE,0000036104,2025Q3,2025-09-30,0.7566602479014377,0.7126498387338948,0.028166926098880735,0.02013117957080599,0.011510634105934075,0.024142994174215546,0.017706012882591243,0.09174855505876837,0.011510634105934075,0.12545847832220447,0.024286805195029317,0.08456368679325794,0.574931506849315,,real_public_sec_edgar_ratio,20253
USB,US BANCORP DE,0000036104,2025Q4,2025-12-31,0.7542713531548577,0.7348108828530723,0.02787352359943012,0.018773840709591434,0.011814918862705732,0.0244213506272162,0.0176386050307289,0.09482411225617286,0.011814918862705732,0.12459825440587348,0.024750666214098462,0.08258932061605817,0.576121030393894,,real_public_sec_edgar_ratio,20254
USB,US BANCORP DE,0000036104,2026Q1,2026-03-31,0.753465773083518,0.7424580349806316,0.0270742060441745,0.017297199050320157,0.011098462477781677,0.024336731345881157,0.01710133267141989,0.09450383595958904,0.011098462477781677,0.11743928026929522,0.024325319045132795,0.07994899910748438,0.587465564738292,,real_public_sec_edgar_ratio,20261
WFC,WELLS FARGO & COMPANY/MN,0000072971,2018Q2,2018-06-30,0.6750353779858488,0.7361482396852618,0.010951528296176738,0.0039972763038434375,0.011035803585678565,0.02975368409852636,0.01917752832898867,0.10962866414853434,0.011035803585678565,0.1006653111336494,0.02668723732510507,0.06858143697702104,0.6487263953973925,,real_public_sec_edgar_ratio,20182
WFC,WELLS FARGO & COMPANY/MN,0000072971,2018Q3,2018-09-30,0.6762449805951048,0.7360519629810341,0.01197542385326316,0.004733955790095327,0.012828747328456616,0.029392716744056666,0.020008745417065096,0.1066102645995875,0.012828747328456616,0.12033313468116327,0.02684917786138781,0.07021074163421036,0.6272731416070371,,real_public_sec_edgar_ratio,20183
WFC,WELLS FARGO & COMPANY/MN,0000072971,2018Q4,2018-12-31,0.6784015680292508,0.7334450344822224,0.013301507576758905,0.005489165506892557,0.012794038450684985,0.028143086888800628,0.017587583200018145,0.1039441779898865,0.012794038450684985,0.12308566673094293,0.02667675167718683,0.07174969655530644,0.6357959961868446,,real_public_sec_edgar_ratio,20184
WFC,WELLS FARGO & COMPANY/MN,0000072971,2019Q1,2019-03-31,0.6695721774432777,0.7423570801882575,0.014847948557491102,0.006411326465787931,0.012416622170239094,0.02948629933806267,0.019701323027113155,0.10527272072346953,0.012416622170239094,0.11794719548338725,0.026085500945019366,0.072480494997064,0.6439909297052154,,real_public_sec_edgar_ratio,20191
WFC,WELLS FARGO & COMPANY/MN,0000072971,2019Q2,2019-06-30,0.6698731613174252,0.729716724126958,0.015184418817999637,0.006870398455169331,0.012906392261987702,0.02796939567055633,0.01973392783983263,0.10400241656909578,0.012906392261987702,0.12409704204722126,0.025153531164798782,0.0722665515121476,0.6231004447739066,,real_public_sec_edgar_ratio,20192
WFC,WELLS FARGO & COMPANY/MN,0000072971,2019Q3,2019-09-30,0.6731114483397207,0.7223566005219737,0.014899560181735506,0.007104345068189026,0.009485840685202808,0.03127446693587798,0.021368862367859256,0.10001080274698423,0.009485840685202808,0.09484816064521438,0.02392036832223051,0.06982225983918747,0.6905497501135848,,real_public_sec_edgar_ratio,20193
WFC,WELLS FARGO & COMPANY/MN,0000072971,2019Q4,2019-12-31,0.6861677098707949,0.7203200300009224,0.013291739312549428,0.006266321696382802,0.0063064348358412604,0.032401669472466414,0.021492512535310277,0.09737828492572197,0.0063064348358412604,0.0647622294914279,0.02339129103968499,0.06577839729446612,0.721901151232142,,real_public_sec_edgar_ratio,20194
WFC,WELLS FARGO & COMPANY/MN,0000072971,2020Q1,2020-03-31,0.6947448430337109,0.7254317371481375,0.009923488883658352,0.005061996379306838,0.0013182937483502402,0.02634164904819898,0.012930584162608404,0.09251777450615717,0.0013182937483502402,0.014249086247340571,0.02283696612762315,0.05899176831100162,0.7364677992888187,,real_public_sec_edgar_ratio,20201
WFC,WELLS FARGO & COMPANY/MN,0000072971,2020Q2,2020-06-30,0.7171716196046055,0.6494802975237309,0.005446898762397117,0.0016587380406050565,-0.007820856430549738,0.029589516880116806,0.017069232677596073,0.09081374730052343,-0.007820856430549738,-0.08611974137207154,0.02011542168772699,0.05157225977348458,0.7957453789784534,,real_public_sec_edgar_ratio,20202
WFC,WELLS FARGO & COMPANY/MN,0000072971,2020Q3,2020-09-30,0.7202747970604025,0.6511055765011224,0.004141077128284468,0.0009080294820400299,0.006698607945536318,0.03172049141871038,0.02069778207549577,0.09462981390846381,0.006698607945536318,0.07078749993121551,0.019535523607333686,0.04801586464420582,0.7884137502588527,,real_public_sec_edgar_ratio,20203
WFC,WELLS FARGO & COMPANY/MN,0000072971,2020Q4,2020-12-31,0.7191218647444764,0.6188641116620063,0.0034036347686276017,0.0004642614789006687,0.006869744704187749,0.030317817862667577,0.01960560414683516,0.09472730708158232,0.006869744704187749,0.07252127096013924,0.019198007487284365,0.04863764654173584,0.7813143309580364,,real_public_sec_edgar_ratio,20204
WFC,WELLS FARGO & COMPANY/MN,0000072971,2021Q1,2021-03-31,0.7342489311610493,0.587734209901894,0.0034457828474886215,0.00031173479718798515,0.009474450048639326,0.02858888734478333,0.019872638540329765,0.09606981991187699,0.009474450048639326,0.0986204622568259,0.018000637624766,0.047575073048526956,0.7548564644938485,,real_public_sec_edgar_ratio,20211
WFC,WELLS FARGO & COMPANY/MN,0000072971,2021Q2,2021-06-30,0.7402235153617993,0.5811650625628266,0.0024797427509871766,0.0002554718175709073,0.012415236208090869,0.027422461300023227,0.0235766157792719,0.09924326668708466,0.012415236208090869,0.12509902810067985,0.01808842361443703,0.04631416994763197,0.6581647755303404,,real_public_sec_edgar_ratio,20212
WFC,WELLS FARGO & COMPANY/MN,0000072971,2021Q3,2021-09-30,0.752150108880194,0.5776129827751892,0.0025163580274201415,0.00026931831861037186,0.0104803261137009,0.02721979271584597,0.02030793375214397,0.09773947632130732,0.0104803261137009,0.10722715639736015,0.018229056100539105,0.04631524413936019,0.7063289795051503,,real_public_sec_edgar_ratio,20213
WFC,WELLS FARGO & COMPANY/MN,0000072971,2021Q4,2021-12-31,0.7609996160298306,0.5955591951049559,0.002317739408113032,0.0002293455758901138,0.012958479888792384,0.026949777933829824,0.025190085767026613,0.09747555013480022,0.012958479888792384,0.13294082332309928,0.019017816626524332,0.045853229796217934,0.6096144914073386,,real_public_sec_edgar_ratio,20214
WFC,WELLS FARGO & COMPANY/MN,0000072971,2022Q1,2022-03-31,0.7636990909461161,0.607756822474574,0.0025922230607943815,0.00022411928546451422,0.00781148100050059,0.028563047343699494,0.01754283761120869,0.09362074414254921,0.00781148100050059,0.08343750172084341,0.01901522341753325,0.04523366022328038,0.7813064079422383,,real_public_sec_edgar_ratio,20221
WFC,WELLS FARGO & COMPANY/MN,0000072971,2022Q2,2022-06-30,0.7576003074729646,0.6539283852330241,0.0038115205876141016,0.00044346115820546986,0.006681051553286011,0.027349358713674308,0.01454861703614987,0.09557922558702404,0.006681051553286011,0.06990066630329592,0.02168471156601233,0.04959933386841326,0.7548122065727699,,real_public_sec_edgar_ratio,20222
WFC,WELLS FARGO & COMPANY/MN,0000072971,2022Q3,2022-09-30,0.7446007629469585,,0.006854767475043826,0.0014676526355164785,0.007651837149222008,0.030475273456784534,0.015908663649885846,0.09505043086851654,0.007651837149222008,0.0805029191272874,0.025771694273743834,,0.7311663089031994,,real_public_sec_edgar_ratio,20223
WFC,WELLS FARGO & COMPANY/MN,0000072971,2022Q4,2022-12-31,0.7357630434551466,,0.012601292644067674,0.004609876552130261,0.00670912589977778,0.03441962339581716,0.014037064996650753,0.09686925178892303,0.00670912589977778,0.06925960277257934,0.028565352840480163,,0.8079265249076569,,real_public_sec_edgar_ratio,20224
WFC,WELLS FARGO & COMPANY/MN,0000072971,2023Q1,2023-03-31,0.7223436174724343,,0.017671721356289936,0.00810492070842467,0.01058312128922816,0.028999151823579303,0.015676420695504664,0.09712680237489398,0.01058312128922816,0.10896190372230107,0.028278201865988124,,0.6597520382073424,,real_public_sec_edgar_ratio,20231
WFC,WELLS FARGO & COMPANY/MN,0000072971,2023Q2,2023-06-30,0.716606975356016,,0.02280854152659856,0.011319486175649866,0.01052698899974418,0.027686108979278586,0.0157116056962565,0.09697279781700349,0.01052698899974418,0.10855610270840661,0.028061311503368297,,0.6324940339940583,,real_public_sec_edgar_ratio,20232
WFC,WELLS FARGO & COMPANY/MN,0000072971,2023Q3,2023-09-30,0.7091801487591273,,0.0265522411208189,0.013612897984505285,0.012082161632170772,0.027472409481993296,0.016240838732891942,0.09552020389040576,0.012082161632170772,0.1264880218014728,0.027455649070504243,,0.6287097856834636,,real_public_sec_edgar_ratio,20233
WFC,WELLS FARGO & COMPANY/MN,0000072971,2023Q4,2023-12-31,0.7028178474365423,,0.029651598139559542,0.015694613278278983,0.007132847736676623,0.0326753146753271,0.015952657430808686,0.09699669024273623,0.007132847736676623,0.07353702192133076,0.026434590378728133,,0.7708760621154409,,real_public_sec_edgar_ratio,20234
WFC,WELLS FARGO & COMPANY/MN,0000072971,2024Q1,2024-03-31,0.7059923344424861,,0.030692326990551258,0.01680515520042338,0.009430605981258227,0.029273874985771914,0.017632109386045907,0.0932413139759886,0.009430605981258227,0.10114192495921696,0.024963849173596956,,0.6872453626036524,,real_public_sec_edgar_ratio,20241
WFC,WELLS FARGO & COMPANY/MN,0000072971,2024Q2,2024-06-30,0.7040425798410679,,0.0320991233580351,0.01800725385718072,0.010123330410762894,0.027407216120218156,0.018073546717056525,0.09182541069330896,0.010123330410762894,0.11024541392550015,0.024582580140025657,,0.6425153463193001,,real_public_sec_edgar_ratio,20242
WFC,WELLS FARGO & COMPANY/MN,0000072971,2024Q3,2024-09-30,0.7021634909280093,,0.033513973293737766,0.019101305082962497,0.010642387982051115,0.02719282044612083,0.018055017233530597,0.09625336541588086,0.010642387982051115,0.11056639875466864,0.024327241984782467,,0.6416085632917607,,real_public_sec_edgar_ratio,20243
WFC,WELLS FARGO & COMPANY/MN,0000072971,2024Q4,2024-12-31,0.7108363625057971,,0.02979725966683287,0.017136558867010154,0.010527270324818833,0.02881060396042169,0.017705048851073532,0.09382411540823227,0.010527270324818833,0.11220218042039919,0.024532540178097206,,0.6821081558543527,,real_public_sec_edgar_ratio,20244
WFC,WELLS FARGO & COMPANY/MN,0000072971,2025Q1,2025-03-31,0.6982106956275179,,0.027841096019175636,0.015301146778211214,0.010037373526581145,0.02848981521408637,0.017748964139565435,0.09378299153314523,0.010037373526581145,0.10702765354881742,0.023575727153259146,,0.6894138666931361,,real_public_sec_edgar_ratio,20251
WFC,WELLS FARGO & COMPANY/MN,0000072971,2025Q2,2025-06-30,0.6766890311209633,,0.028677492330516155,0.015099541061666902,0.011091881011614273,0.027010971251253617,0.018400328274454404,0.0923418273843683,0.011091881011614273,0.12011762519540431,0.02363737584346194,,0.642541542599174,,real_public_sec_edgar_ratio,20252
WFC,WELLS FARGO & COMPANY/MN,0000072971,2025Q3,2025-09-30,0.6628260053923408,,0.03062541640429996,0.015176679750263464,0.010837034387079324,0.026847303296385815,0.018393291858263456,0.08871476727715875,0.010837034387079324,0.12215592420169169,0.023170971716872053,,0.6459227467811158,,real_public_sec_edgar_ratio,20253
WFC,WELLS FARGO & COMPANY/MN,0000072971,2025Q4,2025-12-31,0.6637747477347203,,0.028806477601077542,0.01399796803689787,0.00998030839171547,0.025553014919732612,0.016682250232822667,0.08518819657726245,0.00998030839171547,0.11715600039336094,0.022956012456303573,,0.6446552695848206,,real_public_sec_edgar_ratio,20254
WFC,WELLS FARGO & COMPANY/MN,0000072971,2026Q1,2026-03-31,0.659611325298583,,0.028452051941696525,0.013674800111894725,0.009526002923266079,0.025986602301618675,0.016955668633645123,0.08174672401974474,0.009526002923266079,0.11653069939494103,0.021935376234499617,,0.668189872237247,,real_public_sec_edgar_ratio,20261
